-- phpMyAdmin SQL Dump
-- version 4.5.1
-- http://www.phpmyadmin.net
--
-- Host: 127.0.0.1
-- Generation Time: 2016-07-18 21:40:41
-- 服务器版本： 10.1.9-MariaDB
-- PHP Version: 7.0.1

SET SQL_MODE = "NO_AUTO_VALUE_ON_ZERO";
SET time_zone = "+00:00";


/*!40101 SET @OLD_CHARACTER_SET_CLIENT=@@CHARACTER_SET_CLIENT */;
/*!40101 SET @OLD_CHARACTER_SET_RESULTS=@@CHARACTER_SET_RESULTS */;
/*!40101 SET @OLD_COLLATION_CONNECTION=@@COLLATION_CONNECTION */;
/*!40101 SET NAMES utf8mb4 */;

--
-- Database: `guess`
--

-- --------------------------------------------------------

--
-- 表的结构 `ci_sessions`
--

CREATE TABLE `ci_sessions` (
  `id` varchar(40) COLLATE utf8_unicode_ci NOT NULL,
  `ip_address` varchar(45) COLLATE utf8_unicode_ci NOT NULL,
  `timestamp` int(10) UNSIGNED NOT NULL DEFAULT '0',
  `data` blob NOT NULL
) ENGINE=InnoDB DEFAULT CHARSET=utf8 COLLATE=utf8_unicode_ci;

--
-- 转存表中的数据 `ci_sessions`
--

INSERT INTO `ci_sessions` (`id`, `ip_address`, `timestamp`, `data`) VALUES
('f72a985e9d09f53fb8718ab07cfb8f8b927e039d', '::1', 1468131335, 0x5f5f63695f6c6173745f726567656e65726174657c693a313436383133313333353b656d61696c7c733a373a223140312e636f6d223b6e616d657c733a343a2231313131223b726f6c65737c613a313a7b693a303b733a31363a22726f6c655f73757065725f61646d696e223b7d),
('1272923c2cdb6050fb752414b8889c6049dbd9ba', '::1', 1468131684, 0x5f5f63695f6c6173745f726567656e65726174657c693a313436383133313638343b656d61696c7c733a373a223140312e636f6d223b6e616d657c733a343a2231313131223b726f6c65737c613a313a7b693a303b733a31363a22726f6c655f73757065725f61646d696e223b7d),
('0d5a52cf251ca7f657ee9147ff6c2d0ce7833556', '::1', 1468131993, 0x5f5f63695f6c6173745f726567656e65726174657c693a313436383133313939333b656d61696c7c733a373a223140312e636f6d223b6e616d657c733a343a2231313131223b726f6c65737c613a313a7b693a303b733a31363a22726f6c655f73757065725f61646d696e223b7d),
('b940f6c3675970b186e6de5ceefe2b3d09f09dd1', '::1', 1468133944, 0x5f5f63695f6c6173745f726567656e65726174657c693a313436383133333934343b656d61696c7c733a373a223140312e636f6d223b6e616d657c733a343a2231313131223b726f6c65737c613a313a7b693a303b733a31363a22726f6c655f73757065725f61646d696e223b7d),
('c22cc3268d748716e67cdb1265e1fff0cda9a899', '::1', 1468134245, 0x5f5f63695f6c6173745f726567656e65726174657c693a313436383133343234353b656d61696c7c733a373a223140312e636f6d223b6e616d657c733a343a2231313131223b726f6c65737c613a313a7b693a303b733a31363a22726f6c655f73757065725f61646d696e223b7d),
('672dd57e4473485c9a802da93fae6580becfd01c', '::1', 1468134554, 0x5f5f63695f6c6173745f726567656e65726174657c693a313436383133343535343b656d61696c7c733a373a223140312e636f6d223b6e616d657c733a343a2231313131223b726f6c65737c613a313a7b693a303b733a31363a22726f6c655f73757065725f61646d696e223b7d),
('1a599dea8e8bce7791c953179cd4bdb8359ca6f0', '::1', 1468134877, 0x5f5f63695f6c6173745f726567656e65726174657c693a313436383133343837373b656d61696c7c733a373a223140312e636f6d223b6e616d657c733a343a2231313131223b726f6c65737c613a313a7b693a303b733a31363a22726f6c655f73757065725f61646d696e223b7d),
('85204dc264e887d8cb3f0077915785bd21f905ab', '::1', 1468135185, 0x5f5f63695f6c6173745f726567656e65726174657c693a313436383133353138353b656d61696c7c733a373a223140312e636f6d223b6e616d657c733a343a2231313131223b726f6c65737c613a313a7b693a303b733a31363a22726f6c655f73757065725f61646d696e223b7d),
('6fc4e72726f87dd56370be849cecc0019bd5a1e6', '::1', 1468135528, 0x5f5f63695f6c6173745f726567656e65726174657c693a313436383133353532383b656d61696c7c733a373a223140312e636f6d223b6e616d657c733a343a2231313131223b726f6c65737c613a313a7b693a303b733a31363a22726f6c655f73757065725f61646d696e223b7d),
('934f3258f1df525c69610bbf066447d8f2f9fc5f', '::1', 1468135860, 0x5f5f63695f6c6173745f726567656e65726174657c693a313436383133353836303b656d61696c7c733a373a223140312e636f6d223b6e616d657c733a343a2231313131223b726f6c65737c613a313a7b693a303b733a31363a22726f6c655f73757065725f61646d696e223b7d),
('11744c0c23bcf0db3a3bbbc5641b750086b44ef4', '::1', 1468136187, 0x5f5f63695f6c6173745f726567656e65726174657c693a313436383133363138373b656d61696c7c733a373a223140312e636f6d223b6e616d657c733a343a2231313131223b726f6c65737c613a313a7b693a303b733a31363a22726f6c655f73757065725f61646d696e223b7d),
('10207f63c580209137ca3075428401b135577f93', '::1', 1468136503, 0x5f5f63695f6c6173745f726567656e65726174657c693a313436383133363530333b656d61696c7c733a373a223140312e636f6d223b6e616d657c733a343a2231313131223b726f6c65737c613a313a7b693a303b733a31363a22726f6c655f73757065725f61646d696e223b7d),
('b0163cc0dd09169332e40aae51edf2aa28eb8f2f', '::1', 1468137144, 0x5f5f63695f6c6173745f726567656e65726174657c693a313436383133373134343b656d61696c7c733a373a223140312e636f6d223b6e616d657c733a343a2231313131223b726f6c65737c613a313a7b693a303b733a31363a22726f6c655f73757065725f61646d696e223b7d),
('dda8ccaa78584a3119c8c34d3589f90c5c7241b5', '::1', 1468137442, 0x5f5f63695f6c6173745f726567656e65726174657c693a313436383133373134343b656d61696c7c733a373a223140312e636f6d223b6e616d657c733a343a2231313131223b726f6c65737c613a313a7b693a303b733a31363a22726f6c655f73757065725f61646d696e223b7d),
('27f82443194cd4e16672f4280dc02a5ab1eae3ec', '::1', 1468158501, 0x5f5f63695f6c6173745f726567656e65726174657c693a313436383135383530313b),
('4216dffb020c1ef3cd6e515392fec306becffbc6', '::1', 1468158829, 0x5f5f63695f6c6173745f726567656e65726174657c693a313436383135383832393b),
('16d71e5cb877ff44a5cd1244bdd50683aba128c2', '::1', 1468159376, 0x5f5f63695f6c6173745f726567656e65726174657c693a313436383135393337363b),
('4a359aa397a5519300f0498a4f9f89e38d049503', '::1', 1468161114, 0x5f5f63695f6c6173745f726567656e65726174657c693a313436383136313131343b757365725f69647c733a323a223133223b656d61696c7c733a373a223140312e636f6d223b6e616d657c733a343a2231313131223b726f6c65737c613a313a7b693a303b733a393a22726f6c655f75736572223b7d),
('6694ac5fcc30541449cde911b11e99cfbd58e12e', '::1', 1468161115, 0x5f5f63695f6c6173745f726567656e65726174657c693a313436383136313131343b757365725f69647c733a323a223133223b656d61696c7c733a373a223140312e636f6d223b6e616d657c733a343a2231313131223b726f6c65737c613a313a7b693a303b733a393a22726f6c655f75736572223b7d),
('dcb94679d529946660fe7fcbcf2b104b63e3d9ba', '::1', 1468332365, 0x5f5f63695f6c6173745f726567656e65726174657c693a313436383333323336353b757365725f69647c733a323a223133223b656d61696c7c733a373a223140312e636f6d223b6e616d657c733a343a2231313131223b726f6c65737c613a313a7b693a303b733a393a22726f6c655f75736572223b7d),
('31b4a02f175c421e2e5546731a9e9e7723425a7f', '::1', 1468332879, 0x5f5f63695f6c6173745f726567656e65726174657c693a313436383333323837393b757365725f69647c733a323a223133223b656d61696c7c733a373a223140312e636f6d223b6e616d657c733a343a2231313131223b726f6c65737c613a313a7b693a303b733a393a22726f6c655f75736572223b7d),
('32a359945479353fd727917722080997df08bae1', '::1', 1468333235, 0x5f5f63695f6c6173745f726567656e65726174657c693a313436383333333233353b757365725f69647c733a323a223133223b656d61696c7c733a373a223140312e636f6d223b6e616d657c733a343a2231313131223b726f6c65737c613a313a7b693a303b733a393a22726f6c655f75736572223b7d),
('baf295ac08e66a8fc577201b7d5da1bbf7f28607', '::1', 1468333686, 0x5f5f63695f6c6173745f726567656e65726174657c693a313436383333333638363b757365725f69647c733a323a223133223b656d61696c7c733a373a223140312e636f6d223b6e616d657c733a343a2231313131223b726f6c65737c613a313a7b693a303b733a393a22726f6c655f75736572223b7d),
('5d60631fbceb1415244cc3906b79337a03e12e99', '::1', 1468333713, 0x5f5f63695f6c6173745f726567656e65726174657c693a313436383333333638363b757365725f69647c733a323a223133223b656d61696c7c733a373a223140312e636f6d223b6e616d657c733a343a2231313131223b726f6c65737c613a313a7b693a303b733a393a22726f6c655f75736572223b7d),
('358ec8afcd06b91c395aec8d9bc3c6351aa6b63a', '::1', 1468588416, 0x5f5f63695f6c6173745f726567656e65726174657c693a313436383538383431363b757365725f69647c733a323a223133223b656d61696c7c733a373a223140312e636f6d223b6e616d657c733a343a2231313131223b726f6c65737c613a313a7b693a303b733a31363a22726f6c655f67756573735f61646d696e223b7d),
('9e2958edae3c852ca91116152030413cfb56f020', '::1', 1468588735, 0x5f5f63695f6c6173745f726567656e65726174657c693a313436383538383733353b757365725f69647c733a323a223133223b656d61696c7c733a373a223140312e636f6d223b6e616d657c733a343a2231313131223b726f6c65737c613a313a7b693a303b733a31363a22726f6c655f67756573735f61646d696e223b7d),
('45f88eb46b22a36cf478c5aabd5469c80884a8d5', '::1', 1468589148, 0x5f5f63695f6c6173745f726567656e65726174657c693a313436383538393134383b757365725f69647c733a323a223133223b656d61696c7c733a373a223140312e636f6d223b6e616d657c733a343a2231313131223b726f6c65737c613a313a7b693a303b733a31363a22726f6c655f67756573735f61646d696e223b7d),
('52e66ce9b7e009c28cc38ae5cd2d56b596af60de', '::1', 1468589469, 0x5f5f63695f6c6173745f726567656e65726174657c693a313436383538393436393b757365725f69647c733a323a223133223b656d61696c7c733a373a223140312e636f6d223b6e616d657c733a343a2231313131223b726f6c65737c613a313a7b693a303b733a31363a22726f6c655f67756573735f61646d696e223b7d),
('017db24b6d09020328ce572fb09ff6cfa40e1906', '::1', 1468590212, 0x5f5f63695f6c6173745f726567656e65726174657c693a313436383539303231323b757365725f69647c733a323a223133223b656d61696c7c733a373a223140312e636f6d223b6e616d657c733a343a2231313131223b726f6c65737c613a313a7b693a303b733a31363a22726f6c655f67756573735f61646d696e223b7d),
('2adb7b047de535f0937e21045f44f0958adf3711', '::1', 1468590536, 0x5f5f63695f6c6173745f726567656e65726174657c693a313436383539303533363b757365725f69647c733a323a223133223b656d61696c7c733a373a223140312e636f6d223b6e616d657c733a343a2231313131223b726f6c65737c613a313a7b693a303b733a31363a22726f6c655f67756573735f61646d696e223b7d),
('fc2f37afbe58408a4444c31ca934fb46adedfea5', '::1', 1468591059, 0x5f5f63695f6c6173745f726567656e65726174657c693a313436383539313035393b757365725f69647c733a323a223133223b656d61696c7c733a373a223140312e636f6d223b6e616d657c733a343a2231313131223b726f6c65737c613a313a7b693a303b733a31363a22726f6c655f67756573735f61646d696e223b7d),
('e93869ee81b03d24c6ac239af75a35ae73ebdda7', '::1', 1468591506, 0x5f5f63695f6c6173745f726567656e65726174657c693a313436383539313530363b757365725f69647c733a323a223133223b656d61696c7c733a373a223140312e636f6d223b6e616d657c733a343a2231313131223b726f6c65737c613a313a7b693a303b733a31363a22726f6c655f67756573735f61646d696e223b7d),
('f85949235f6e0a84bf8c2f24ee647b3c982e06d4', '::1', 1468594456, 0x5f5f63695f6c6173745f726567656e65726174657c693a313436383539343435363b757365725f69647c733a323a223133223b656d61696c7c733a373a223140312e636f6d223b6e616d657c733a343a2231313131223b726f6c65737c613a313a7b693a303b733a31363a22726f6c655f67756573735f61646d696e223b7d),
('7bc62e26001603e745a1e1f0ddcf4f249394351f', '::1', 1468594934, 0x5f5f63695f6c6173745f726567656e65726174657c693a313436383539343933343b757365725f69647c733a323a223133223b656d61696c7c733a373a223140312e636f6d223b6e616d657c733a343a2231313131223b726f6c65737c613a313a7b693a303b733a31363a22726f6c655f67756573735f61646d696e223b7d),
('9024d1fcbdd293507565ec38682b8ae899691b52', '::1', 1468595239, 0x5f5f63695f6c6173745f726567656e65726174657c693a313436383539353233393b757365725f69647c733a323a223133223b656d61696c7c733a373a223140312e636f6d223b6e616d657c733a343a2231313131223b726f6c65737c613a313a7b693a303b733a31363a22726f6c655f67756573735f61646d696e223b7d),
('3bb1cbb4cf68759984f54bf0edc04902f120366e', '::1', 1468595595, 0x5f5f63695f6c6173745f726567656e65726174657c693a313436383539353539353b757365725f69647c733a323a223133223b656d61696c7c733a373a223140312e636f6d223b6e616d657c733a343a2231313131223b726f6c65737c613a313a7b693a303b733a31363a22726f6c655f67756573735f61646d696e223b7d),
('b75bd63c26db23b374fb33b3f229765ed3aaaf23', '::1', 1468595623, 0x5f5f63695f6c6173745f726567656e65726174657c693a313436383539353539353b757365725f69647c733a323a223133223b656d61696c7c733a373a223140312e636f6d223b6e616d657c733a343a2231313131223b726f6c65737c613a313a7b693a303b733a31363a22726f6c655f67756573735f61646d696e223b7d),
('453ed30765a6b3fbc272ea7e1e7937ba46ba9cc7', '::1', 1468631852, 0x5f5f63695f6c6173745f726567656e65726174657c693a313436383633313835323b757365725f69647c733a323a223133223b656d61696c7c733a373a223140312e636f6d223b6e616d657c733a343a2231313131223b726f6c65737c613a313a7b693a303b733a31363a22726f6c655f67756573735f61646d696e223b7d),
('e346b231e24e7cd04d321a8aab63ece00ff3063a', '::1', 1468632441, 0x5f5f63695f6c6173745f726567656e65726174657c693a313436383633323434313b757365725f69647c733a323a223133223b656d61696c7c733a373a223140312e636f6d223b6e616d657c733a343a2231313131223b726f6c65737c613a313a7b693a303b733a31363a22726f6c655f67756573735f61646d696e223b7d),
('676346e725fa514bf4967c8a15cceb0523e16402', '::1', 1468633065, 0x5f5f63695f6c6173745f726567656e65726174657c693a313436383633333036353b757365725f69647c733a323a223133223b656d61696c7c733a373a223140312e636f6d223b6e616d657c733a343a2231313131223b726f6c65737c613a313a7b693a303b733a31363a22726f6c655f67756573735f61646d696e223b7d),
('455c891b43ec6d2bf79f057646752b3c3732a1c3', '::1', 1468634085, 0x5f5f63695f6c6173745f726567656e65726174657c693a313436383633343038353b757365725f69647c733a323a223133223b656d61696c7c733a373a223140312e636f6d223b6e616d657c733a343a2231313131223b726f6c65737c613a313a7b693a303b733a31363a22726f6c655f67756573735f61646d696e223b7d),
('c7f3129c4a273b0289b940898643e764fb9c6778', '::1', 1468634618, 0x5f5f63695f6c6173745f726567656e65726174657c693a313436383633343631383b757365725f69647c733a323a223133223b656d61696c7c733a373a223140312e636f6d223b6e616d657c733a343a2231313131223b726f6c65737c613a313a7b693a303b733a31363a22726f6c655f67756573735f61646d696e223b7d),
('7fb9c5a456b6a983cc55d235e06a92a56ad12c4f', '::1', 1468634934, 0x5f5f63695f6c6173745f726567656e65726174657c693a313436383633343933343b757365725f69647c733a323a223133223b656d61696c7c733a373a223140312e636f6d223b6e616d657c733a343a2231313131223b726f6c65737c613a313a7b693a303b733a31363a22726f6c655f67756573735f61646d696e223b7d),
('433dc46271c0ab7af48527a804451de64f53480e', '::1', 1468635235, 0x5f5f63695f6c6173745f726567656e65726174657c693a313436383633353233353b757365725f69647c733a323a223133223b656d61696c7c733a373a223140312e636f6d223b6e616d657c733a343a2231313131223b726f6c65737c613a313a7b693a303b733a31363a22726f6c655f67756573735f61646d696e223b7d),
('3e269381dc06bf3c0253cf6c29aa1071892ac814', '::1', 1468635547, 0x5f5f63695f6c6173745f726567656e65726174657c693a313436383633353534373b757365725f69647c733a323a223133223b656d61696c7c733a373a223140312e636f6d223b6e616d657c733a343a2231313131223b726f6c65737c613a313a7b693a303b733a31363a22726f6c655f67756573735f61646d696e223b7d),
('aff07774549bdb623b34ada2f8bd63d0085b14e9', '::1', 1468637190, 0x5f5f63695f6c6173745f726567656e65726174657c693a313436383633373139303b757365725f69647c733a323a223133223b656d61696c7c733a373a223140312e636f6d223b6e616d657c733a343a2231313131223b726f6c65737c613a313a7b693a303b733a31363a22726f6c655f67756573735f61646d696e223b7d),
('b8abbd0ce9a32dbe9e2c7cd3b8293d6d620305df', '::1', 1468638310, 0x5f5f63695f6c6173745f726567656e65726174657c693a313436383633383331303b757365725f69647c733a323a223133223b656d61696c7c733a373a223140312e636f6d223b6e616d657c733a343a2231313131223b726f6c65737c613a313a7b693a303b733a31363a22726f6c655f67756573735f61646d696e223b7d),
('8249e0d8ef496284cbfe21a554c8726f9d0851eb', '::1', 1468638643, 0x5f5f63695f6c6173745f726567656e65726174657c693a313436383633383634333b757365725f69647c733a323a223133223b656d61696c7c733a373a223140312e636f6d223b6e616d657c733a343a2231313131223b726f6c65737c613a313a7b693a303b733a31363a22726f6c655f67756573735f61646d696e223b7d),
('35479c7112d03bd556c19f3f84784ca80fdc9010', '::1', 1468639125, 0x5f5f63695f6c6173745f726567656e65726174657c693a313436383633393132353b757365725f69647c733a323a223133223b656d61696c7c733a373a223140312e636f6d223b6e616d657c733a343a2231313131223b726f6c65737c613a313a7b693a303b733a31363a22726f6c655f67756573735f61646d696e223b7d),
('1428e11143f28c124fae593a1f0e560dcdd5023f', '::1', 1468639452, 0x5f5f63695f6c6173745f726567656e65726174657c693a313436383633393435323b757365725f69647c733a323a223133223b656d61696c7c733a373a223140312e636f6d223b6e616d657c733a343a2231313131223b726f6c65737c613a313a7b693a303b733a31363a22726f6c655f67756573735f61646d696e223b7d),
('e6855f10a943b634758c8323ae88f114ade4649a', '::1', 1468640240, 0x5f5f63695f6c6173745f726567656e65726174657c693a313436383634303234303b757365725f69647c733a323a223133223b656d61696c7c733a373a223140312e636f6d223b6e616d657c733a343a2231313131223b726f6c65737c613a313a7b693a303b733a31363a22726f6c655f67756573735f61646d696e223b7d),
('5e9b2786f26f196ce0a4834179e35f3a40e397b6', '::1', 1468640597, 0x5f5f63695f6c6173745f726567656e65726174657c693a313436383634303539373b757365725f69647c733a323a223133223b656d61696c7c733a373a223140312e636f6d223b6e616d657c733a343a2231313131223b726f6c65737c613a313a7b693a303b733a31363a22726f6c655f67756573735f61646d696e223b7d),
('3f89b0dd47812fa9f388a8536277288e9de4fd22', '::1', 1468641170, 0x5f5f63695f6c6173745f726567656e65726174657c693a313436383634313137303b757365725f69647c733a323a223133223b656d61696c7c733a373a223140312e636f6d223b6e616d657c733a343a2231313131223b726f6c65737c613a313a7b693a303b733a31363a22726f6c655f67756573735f61646d696e223b7d),
('3d168de2e3e1e466b13ed0f3a669edfabdc86e45', '::1', 1468644895, 0x5f5f63695f6c6173745f726567656e65726174657c693a313436383634343839353b757365725f69647c733a323a223133223b656d61696c7c733a373a223140312e636f6d223b6e616d657c733a343a2231313131223b726f6c65737c613a313a7b693a303b733a31363a22726f6c655f67756573735f61646d696e223b7d),
('eb878e228e264bbec3cc6d73bac3205db21ecaf2', '::1', 1468641708, 0x5f5f63695f6c6173745f726567656e65726174657c693a313436383634313730383b),
('9bac7e0b464325d977b12771d03b5241dabeb12b', '::1', 1468645220, 0x5f5f63695f6c6173745f726567656e65726174657c693a313436383634353232303b757365725f69647c733a323a223133223b656d61696c7c733a373a223140312e636f6d223b6e616d657c733a343a2231313131223b726f6c65737c613a313a7b693a303b733a31363a22726f6c655f67756573735f61646d696e223b7d),
('4a9dc86f2e88c8543ccd124fe30b8386b1cddbad', '::1', 1468645716, 0x5f5f63695f6c6173745f726567656e65726174657c693a313436383634353731363b757365725f69647c733a323a223133223b656d61696c7c733a373a223140312e636f6d223b6e616d657c733a343a2231313131223b726f6c65737c613a313a7b693a303b733a31363a22726f6c655f67756573735f61646d696e223b7d),
('379d0ae345ab22cb2cc5030e2847040dc7126f91', '::1', 1468645716, 0x5f5f63695f6c6173745f726567656e65726174657c693a313436383634353731363b757365725f69647c733a323a223133223b656d61696c7c733a373a223140312e636f6d223b6e616d657c733a343a2231313131223b726f6c65737c613a313a7b693a303b733a31363a22726f6c655f67756573735f61646d696e223b7d),
('594f16354418001cbe066a239cfefdbee1df93c1', '::1', 1468845104, 0x5f5f63695f6c6173745f726567656e65726174657c693a313436383834353130343b757365725f69647c733a323a223133223b656d61696c7c733a373a223140312e636f6d223b6e616d657c733a343a2231313131223b726f6c65737c613a313a7b693a303b733a31363a22726f6c655f67756573735f61646d696e223b7d),
('d6e6d3fb5fe94bd187c57c4df067b06e94116312', '::1', 1468845459, 0x5f5f63695f6c6173745f726567656e65726174657c693a313436383834353435393b757365725f69647c733a323a223133223b656d61696c7c733a373a223140312e636f6d223b6e616d657c733a343a2231313131223b726f6c65737c613a313a7b693a303b733a31363a22726f6c655f67756573735f61646d696e223b7d),
('561291bb6d3f4fa32d32bad1f6f1ea8c8e2b3b0c', '::1', 1468846028, 0x5f5f63695f6c6173745f726567656e65726174657c693a313436383834363032383b757365725f69647c733a323a223133223b656d61696c7c733a373a223140312e636f6d223b6e616d657c733a343a2231313131223b726f6c65737c613a313a7b693a303b733a31363a22726f6c655f67756573735f61646d696e223b7d),
('35f6d5a1b59bd8c3c4bb9cf637622eb81d82501f', '::1', 1468846488, 0x5f5f63695f6c6173745f726567656e65726174657c693a313436383834363438383b757365725f69647c733a323a223133223b656d61696c7c733a373a223140312e636f6d223b6e616d657c733a343a2231313131223b726f6c65737c613a313a7b693a303b733a31363a22726f6c655f67756573735f61646d696e223b7d),
('6ea13ab0105455a1685bb3da78a575eda8e87264', '::1', 1468846844, 0x5f5f63695f6c6173745f726567656e65726174657c693a313436383834363834343b757365725f69647c733a323a223133223b656d61696c7c733a373a223140312e636f6d223b6e616d657c733a343a2231313131223b726f6c65737c613a313a7b693a303b733a31363a22726f6c655f67756573735f61646d696e223b7d),
('10336a3dfad55fa26ee29256ab1e305b37c26638', '::1', 1468847263, 0x5f5f63695f6c6173745f726567656e65726174657c693a313436383834373236333b757365725f69647c733a323a223133223b656d61696c7c733a373a223140312e636f6d223b6e616d657c733a343a2231313131223b726f6c65737c613a313a7b693a303b733a31363a22726f6c655f67756573735f61646d696e223b7d),
('229d84427d20cabbce5afa181670881baefce2ad', '::1', 1468847621, 0x5f5f63695f6c6173745f726567656e65726174657c693a313436383834373632313b757365725f69647c733a323a223133223b656d61696c7c733a373a223140312e636f6d223b6e616d657c733a343a2231313131223b726f6c65737c613a313a7b693a303b733a31363a22726f6c655f67756573735f61646d696e223b7d),
('4020271ff9b7fc0de1a15ede02f11e68a7f5a21e', '::1', 1468847864, 0x5f5f63695f6c6173745f726567656e65726174657c693a313436383834373632313b757365725f69647c733a323a223133223b656d61696c7c733a373a223140312e636f6d223b6e616d657c733a343a2231313131223b726f6c65737c613a313a7b693a303b733a31363a22726f6c655f67756573735f61646d696e223b7d);

-- --------------------------------------------------------

--
-- 表的结构 `guess_guess_info`
--

CREATE TABLE `guess_guess_info` (
  `guess_id` int(11) NOT NULL,
  `user_id` int(11) NOT NULL,
  `match_id` int(11) NOT NULL,
  `score` varchar(20) COLLATE utf8_unicode_ci NOT NULL,
  `point` int(11) NOT NULL,
  `guess_result` int(2) NOT NULL
) ENGINE=InnoDB DEFAULT CHARSET=utf8 COLLATE=utf8_unicode_ci;

--
-- 转存表中的数据 `guess_guess_info`
--

INSERT INTO `guess_guess_info` (`guess_id`, `user_id`, `match_id`, `score`, `point`, `guess_result`) VALUES
(9, 13, 8, '-1', 10, 0),
(10, 13, 8, '0', 20, 0),
(11, 13, 8, '1', 30, 0),
(12, 13, 8, '0', 1000, 0),
(13, 13, 8, '-1', 1500, 0),
(14, 13, 8, '-1', 1900, 0),
(15, 13, 8, '-1', 9999, 0),
(16, 13, 8, '0', 1000, 0);

-- --------------------------------------------------------

--
-- 表的结构 `guess_match_info`
--

CREATE TABLE `guess_match_info` (
  `id` int(11) NOT NULL,
  `home_id` int(11) NOT NULL,
  `away_id` int(11) NOT NULL,
  `fixture` int(11) NOT NULL,
  `deadline` int(11) NOT NULL,
  `tm_match_id` int(11) DEFAULT NULL,
  `update_at` int(11) NOT NULL
) ENGINE=InnoDB DEFAULT CHARSET=utf32 COLLATE=utf32_unicode_ci;

--
-- 转存表中的数据 `guess_match_info`
--

INSERT INTO `guess_match_info` (`id`, `home_id`, `away_id`, `fixture`, `deadline`, `tm_match_id`, `update_at`) VALUES
(1, 1, 2, 1467788416, 1467781216, 123064379, 1467776135),
(2, 1, 3, 1467874816, 1467867616, 124809047, 1467776405),
(3, 4, 1, 1467961216, 1467954016, 123064389, 1467776448),
(4, 5, 6, 1467961217, 1467954017, 123064396, 1467776477),
(7, 17, 18, 1468401660, 1468394460, NULL, 1467796938),
(8, 17, 19, 1469181900, 1469174700, NULL, 1467799549),
(9, 1, 20, 1468134004, 1468126804, 123064399, 1468131086),
(10, 21, 22, 1468138399, 1468131199, 123064398, 1468136201),
(11, 23, 24, 1472302320, 1472215920, NULL, 1468587165),
(12, 1, 25, 1470207631, 1470200431, 123064492, 1468587267);

-- --------------------------------------------------------

--
-- 表的结构 `guess_match_odds`
--

CREATE TABLE `guess_match_odds` (
  `odds_id` int(11) NOT NULL,
  `match_id` int(11) NOT NULL,
  `score` varchar(20) COLLATE utf8_unicode_ci NOT NULL,
  `odds` decimal(8,2) NOT NULL
) ENGINE=InnoDB DEFAULT CHARSET=utf8 COLLATE=utf8_unicode_ci;

--
-- 转存表中的数据 `guess_match_odds`
--

INSERT INTO `guess_match_odds` (`odds_id`, `match_id`, `score`, `odds`) VALUES
(1, 1, '1', '1.20'),
(2, 1, '0', '1.60'),
(3, 1, '-1', '6.00'),
(4, 2, '1', '2.20'),
(5, 2, '0', '1.10'),
(6, 2, '-1', '2.10'),
(7, 3, '1', '2.00'),
(8, 3, '0', '1.80'),
(9, 3, '-1', '3.00'),
(10, 4, '1', '568.00'),
(11, 4, '0', '2.00'),
(12, 4, '-1', '2.33'),
(19, 7, '1', '2.20'),
(20, 7, '0', '1.80'),
(21, 7, '-1', '1.40'),
(22, 8, '1', '2.50'),
(23, 8, '0', '1.80'),
(24, 8, '-1', '1.20'),
(25, 9, '1', '1.20'),
(26, 9, '0', '11.00'),
(27, 9, '-1', '1.40'),
(28, 10, '1', '1.20'),
(29, 10, '0', '1.80'),
(30, 10, '-1', '1.20'),
(31, 11, '1', '1.10'),
(32, 11, '0', '1.60'),
(33, 11, '-1', '1.40'),
(34, 12, '1', '1.20'),
(35, 12, '0', '1.60'),
(36, 12, '-1', '1.40');

-- --------------------------------------------------------

--
-- 表的结构 `guess_team_info`
--

CREATE TABLE `guess_team_info` (
  `id` int(11) NOT NULL,
  `team_name` varchar(200) COLLATE utf32_unicode_ci NOT NULL,
  `tm_id` int(11) DEFAULT NULL
) ENGINE=InnoDB DEFAULT CHARSET=utf32 COLLATE=utf32_unicode_ci;

--
-- 转存表中的数据 `guess_team_info`
--

INSERT INTO `guess_team_info` (`id`, `team_name`, `tm_id`) VALUES
(1, '无处不在的范尼', 2370328),
(2, 'Jinzhou FK', 3834828),
(3, 'Beijing FX', 3272490),
(4, 'B Real Madrid A.C.红金龙', 3600856),
(5, '无处不在的范尼小分队', 3473826),
(6, '米兰内洛', 2111001),
(17, '中国', NULL),
(18, '日本', NULL),
(19, '英格兰', NULL),
(20, 'B.K Suizhou', 3835588),
(21, '山东晋南闪电', 3835585),
(22, '青岛高校国信足球俱乐部', 3835586),
(23, '葡萄牙', NULL),
(24, '法国', NULL),
(25, 'Fenghua Shi GS', 3834827);

-- --------------------------------------------------------

--
-- 表的结构 `guess_user`
--

CREATE TABLE `guess_user` (
  `id` int(11) NOT NULL,
  `roles` varchar(200) COLLATE utf8_unicode_ci NOT NULL DEFAULT 'role_user',
  `tm_id` int(11) DEFAULT NULL,
  `email` varchar(100) COLLATE utf8_unicode_ci NOT NULL,
  `name` varchar(100) COLLATE utf8_unicode_ci NOT NULL,
  `password` varchar(200) COLLATE utf8_unicode_ci NOT NULL,
  `enable` tinyint(1) NOT NULL DEFAULT '1',
  `update_at` int(11) NOT NULL DEFAULT '1',
  `create_at` int(11) NOT NULL DEFAULT '1'
) ENGINE=InnoDB DEFAULT CHARSET=utf8 COLLATE=utf8_unicode_ci;

--
-- 转存表中的数据 `guess_user`
--

INSERT INTO `guess_user` (`id`, `roles`, `tm_id`, `email`, `name`, `password`, `enable`, `update_at`, `create_at`) VALUES
(13, 'role_guess_admin', 1111, '1@1.com', '1111', '$6$rounds=5000$usesomesillystri$ZkOG5TjiP4alo4h6LKoXB876LYG4RL15KBXZYTPYqzBqYE3aR91ls5P4hRcoJZmBjAvV6zfgVZVtq47Qm4Rif/', 1, 1468158921, 1468158921);

-- --------------------------------------------------------

--
-- 表的结构 `guess_user_point`
--

CREATE TABLE `guess_user_point` (
  `user_id` int(11) NOT NULL,
  `point` int(11) NOT NULL DEFAULT '0'
) ENGINE=InnoDB DEFAULT CHARSET=utf8 COLLATE=utf8_unicode_ci;

--
-- 转存表中的数据 `guess_user_point`
--

INSERT INTO `guess_user_point` (`user_id`, `point`) VALUES
(13, 999000);

--
-- Indexes for dumped tables
--

--
-- Indexes for table `ci_sessions`
--
ALTER TABLE `ci_sessions`
  ADD KEY `ci_sessions_timestamp` (`timestamp`);

--
-- Indexes for table `guess_guess_info`
--
ALTER TABLE `guess_guess_info`
  ADD PRIMARY KEY (`guess_id`);

--
-- Indexes for table `guess_match_info`
--
ALTER TABLE `guess_match_info`
  ADD PRIMARY KEY (`id`);

--
-- Indexes for table `guess_match_odds`
--
ALTER TABLE `guess_match_odds`
  ADD PRIMARY KEY (`odds_id`),
  ADD KEY `match_id` (`match_id`);

--
-- Indexes for table `guess_team_info`
--
ALTER TABLE `guess_team_info`
  ADD PRIMARY KEY (`id`),
  ADD KEY `team_name` (`team_name`(191));

--
-- Indexes for table `guess_user`
--
ALTER TABLE `guess_user`
  ADD PRIMARY KEY (`id`),
  ADD UNIQUE KEY `user` (`email`,`name`);

--
-- Indexes for table `guess_user_point`
--
ALTER TABLE `guess_user_point`
  ADD PRIMARY KEY (`user_id`);

--
-- 在导出的表使用AUTO_INCREMENT
--

--
-- 使用表AUTO_INCREMENT `guess_guess_info`
--
ALTER TABLE `guess_guess_info`
  MODIFY `guess_id` int(11) NOT NULL AUTO_INCREMENT, AUTO_INCREMENT=17;
--
-- 使用表AUTO_INCREMENT `guess_match_info`
--
ALTER TABLE `guess_match_info`
  MODIFY `id` int(11) NOT NULL AUTO_INCREMENT, AUTO_INCREMENT=13;
--
-- 使用表AUTO_INCREMENT `guess_match_odds`
--
ALTER TABLE `guess_match_odds`
  MODIFY `odds_id` int(11) NOT NULL AUTO_INCREMENT, AUTO_INCREMENT=37;
--
-- 使用表AUTO_INCREMENT `guess_team_info`
--
ALTER TABLE `guess_team_info`
  MODIFY `id` int(11) NOT NULL AUTO_INCREMENT, AUTO_INCREMENT=26;
--
-- 使用表AUTO_INCREMENT `guess_user`
--
ALTER TABLE `guess_user`
  MODIFY `id` int(11) NOT NULL AUTO_INCREMENT, AUTO_INCREMENT=14;
/*!40101 SET CHARACTER_SET_CLIENT=@OLD_CHARACTER_SET_CLIENT */;
/*!40101 SET CHARACTER_SET_RESULTS=@OLD_CHARACTER_SET_RESULTS */;
/*!40101 SET COLLATION_CONNECTION=@OLD_COLLATION_CONNECTION */;
